industry,n_listed,n_jpx_jul,n_pe,n_pbr,pe_median,pe_p25,pe_p75,pe_mean,jpx_simple_per,jpx_w_per,pbr_median,pbr_p25,pbr_p75,pbr_mean,jpx_simple_pbr,jpx_w_pbr,pe_median_vs_jpx_simple,pbr_median_vs_jpx_simple,quality,sample_note
その他製品,10,37,10,10,24.2,18.18,25.98,22.33,18.6,21.6,2.158,1.236,3.302,2.873,1.5,2.4,0.301,0.439,中,
その他金融業,8,20,8,8,13.89,11.19,17.74,16.87,13.9,15.4,1.036,0.854,1.502,1.847,1.0,1.4,-0.001,0.036,中,
ガラス・土石製品,10,22,10,10,18.66,15.53,24.52,20.4,21.6,19.3,1.48,0.83,2.008,1.695,1.7,1.4,-0.136,-0.129,中,
ゴム製品,4,10,4,4,9.79,9.39,12.59,12.19,14.0,14.3,1.059,0.989,1.139,1.069,1.1,1.3,-0.301,-0.037,低,業種n<8。中央値は参考値
サービス業,23,142,21,23,22.12,17.15,30.03,24.72,20.0,37.6,2.937,1.914,4.633,4.333,1.8,1.8,0.106,0.632,中,
パルプ・紙,2,10,2,2,16.39,15.29,17.49,16.39,14.6,16.0,0.722,0.7,0.744,0.722,0.6,0.6,0.123,0.203,低,業種n<8。中央値は参考値
不動産業,12,48,12,12,11.21,9.86,14.67,12.44,12.5,14.1,1.335,1.137,1.77,1.556,1.6,1.4,-0.103,-0.166,中,
保険業,7,11,7,7,17.15,12.79,23.49,18.0,13.9,13.2,1.225,1.101,1.392,1.185,1.6,1.6,0.234,-0.234,低,業種n<8。中央値は参考値
倉庫・運輸関連業,3,9,3,3,15.6,12.65,18.96,15.87,16.4,15.0,1.355,1.293,1.594,1.473,1.2,1.3,-0.049,0.129,低,業種n<8。中央値は参考値
化学,41,113,38,41,18.82,14.58,24.38,27.64,19.2,22.0,1.332,0.972,1.997,1.686,1.3,1.5,-0.02,0.025,中,
医薬品,16,31,14,16,16.45,12.76,18.94,16.61,18.7,24.4,1.537,1.297,2.12,2.29,1.2,1.9,-0.12,0.281,中,
卸売業,24,118,24,24,15.41,12.0,18.43,15.91,13.7,16.8,1.708,1.099,2.093,1.99,1.2,1.7,0.125,0.423,中,
小売業,32,126,31,32,20.92,16.14,38.95,34.06,22.7,29.6,1.87,1.532,3.946,3.206,2.0,2.7,-0.078,-0.065,中,
建設業,22,70,22,22,12.51,10.86,14.69,12.95,12.9,12.5,1.515,1.127,1.942,1.587,1.4,1.4,-0.03,0.082,中,
情報・通信業,34,159,34,34,22.04,17.04,29.63,43.62,18.1,11.8,2.856,2.038,4.975,3.526,2.0,1.8,0.218,0.428,中,
機械,33,109,32,33,22.0,16.54,28.41,25.23,23.1,25.6,1.862,1.333,2.607,2.389,1.8,2.2,-0.048,0.034,中,
水産・農林業,2,6,2,2,11.7,10.32,13.09,11.7,11.2,12.4,1.047,0.923,1.171,1.047,0.9,1.0,0.045,0.163,低,業種n<8。中央値は参考値
海運業,3,5,3,3,14.06,12.9,15.12,13.99,9.9,11.4,0.92,0.88,1.053,0.982,0.9,0.8,0.42,0.022,低,業種n<8。中央値は参考値
石油・石炭製品,3,5,3,3,9.85,9.63,11.86,11.05,11.2,11.9,1.001,0.974,1.004,0.985,0.9,0.9,-0.121,0.112,低,業種n<8。中央値は参考値
空運業,2,2,2,2,9.62,9.55,9.7,9.62,9.2,9.2,0.92,0.906,0.934,0.92,1.1,1.1,0.046,-0.164,低,業種n<8。中央値は参考値
精密機器,8,27,7,8,28.49,24.73,33.5,28.57,24.9,32.6,2.681,1.827,4.305,3.44,2.3,3.0,0.144,0.166,中,
繊維製品,4,17,3,4,16.26,14.21,20.41,17.66,20.3,35.7,1.015,0.945,1.359,1.29,1.1,1.0,-0.199,-0.077,低,業種n<8。中央値は参考値
証券、商品先物取引業,4,19,4,4,12.92,9.93,15.39,12.4,11.1,10.3,1.142,1.062,1.22,1.139,1.3,1.2,0.164,-0.122,低,業種n<8。中央値は参考値
輸送用機器,17,37,15,17,16.47,10.69,21.44,18.54,14.8,16.9,0.821,0.675,1.076,0.973,0.9,0.9,0.113,-0.088,中,
金属製品,6,26,5,6,13.76,12.85,25.32,25.27,14.8,20.3,1.341,0.99,1.951,1.452,0.9,1.1,-0.07,0.49,低,業種n<8。中央値は参考値
鉄鋼,6,20,6,6,14.18,12.08,16.78,44.29,12.4,21.5,0.778,0.618,1.04,0.83,0.8,0.6,0.144,-0.027,低,業種n<8。中央値は参考値
鉱業,1,4,1,1,10.68,10.68,10.68,10.68,12.1,11.4,0.901,0.901,0.901,0.901,1.0,0.9,-0.117,-0.099,低,業種n<8。中央値は参考値
銀行業,26,69,26,26,16.68,15.3,18.75,16.68,16.7,17.1,1.274,1.036,1.468,1.323,1.0,1.5,-0.001,0.274,中,
陸運業,26,36,26,26,13.95,10.83,17.84,18.03,14.6,13.6,1.095,0.99,1.281,1.199,1.1,1.1,-0.045,-0.005,中,
電気・ガス業,13,22,12,13,7.74,6.01,10.28,8.63,10.0,12.6,0.693,0.474,0.815,0.688,0.8,0.7,-0.226,-0.134,中,
電気機器,52,121,50,52,27.46,17.26,40.57,32.03,29.4,43.0,2.403,1.397,3.031,3.455,2.6,3.6,-0.066,-0.076,中,
非鉄金属,8,20,8,8,18.15,17.39,33.14,25.58,15.1,22.3,3.11,1.342,5.454,4.444,1.5,2.6,0.202,1.073,中,
食料品,27,67,27,27,20.79,17.43,35.28,29.82,20.0,24.2,1.602,1.345,1.916,2.052,1.2,1.9,0.039,0.335,中,
