code,name,industry,scale,price,mcap_yen,adv_shares,trailing_pe,forward_pe,pbr,eps_ttm,div_yield,sector_simple_per,sector_w_per,sector_simple_pbr,sector_w_pbr,per_vs_sector,pbr_vs_sector,roe,debt_to_equity,total_cash,total_debt,payout_ratio,profit_margin,insider_pct,currency,quote_type,short_name,error,cheap_score
4902,コニカミノルタ,電気機器,TOPIX Mid400,648.3,320379289600.0,3932261.0,9.979988,13.461378,0.58236045,64.96,2.78,29.4,43.0,2.6,3.6,-0.6605446258503401,-0.7760152115384615,0.065349996,70.469,116986003456.0,397020004352.0,0.1847,0.02809,0.028870001,JPY,EQUITY,KONICA MINOLTA INC,,71.82799186944008
6632,ＪＶＣケンウッド,電気機器,TOPIX Mid400,1007.0,143177318400.0,1275298.0,9.024915,9.298245,0.9774478,111.58,1.99,29.4,43.0,2.6,3.6,-0.6930301020408163,-0.6240585384615385,0.10248,44.019,69203001344.0,66716000256.0,0.16129999,0.03921,0.00595,JPY,EQUITY,JVCKENWOOD CORPORATION,,65.85443202511775
7751,キヤノン,電気機器,TOPIX Large70,4593.0,3876276928512.0,4195023.0,11.614323,12.670694,1.1197433,395.46,3.48,29.4,43.0,2.6,3.6,-0.6049549999999999,-0.5693295,0.10371,34.446,744169996288.0,1270057009152.0,0.4045,0.07389,0.02375,JPY,EQUITY,CANON INC,,58.714225
6753,シャープ,電気機器,TOPIX Mid400,641.0,416205471744.0,4070190.0,8.77241,11.780923,1.4120094,73.07,0.0,29.4,43.0,2.6,3.6,-0.7016187074829932,-0.4569194615384615,0.09599,152.005,250347995136.0,468541014016.0,0.0,0.012560001,0.63692003,JPY,EQUITY,SHARP CORP,,57.926908451072734
7752,リコー,電気機器,TOPIX Mid400,1642.0,922885685248.0,2563493.0,16.806551,14.220143,0.78653824,97.7,2.68,29.4,43.0,2.6,3.6,-0.4283486054421769,-0.6974852923076923,0.07453,43.356,233711992832.0,525346996224.0,0.4096,0.03127,0.0367,JPY,EQUITY,RICOH CO,,56.29169488749346
6923,スタンレー電気,電気機器,TOPIX Mid400,3596.0,442704658432.0,641222.0,14.947832,14.217935,0.9590594,240.57,3.11,29.4,43.0,2.6,3.6,-0.4915703401360544,-0.631131,0.0718,35.997,240779001856.0,206693007360.0,0.4325,0.0584,0.23562999,JPY,EQUITY,STANLEY ELECTRIC CO,,56.13506700680272
6770,アルプスアルパイン,電気機器,TOPIX Mid400,2193.5,428050284544.0,1699401.0,16.286755,20.498083,0.96238095,134.68,2.92,29.4,43.0,2.6,3.6,-0.44602874149659866,-0.6298534807692308,0.06243,22.353,140079005696.0,99840000000.0,0.46,0.02564,0.10215,JPY,EQUITY,ALPS ALPINE CO LTD,,53.79411111329147
9505,北陸電力,電気・ガス業,TOPIX Mid400,990.8,206983299072.0,913992.0,3.799371,6.666667,0.4394117,260.78,2.52,10.0,12.6,0.8,0.7,-0.6200629,-0.45073537500000005,0.109160006,243.501,134296002560.0,1152370999296.0,0.0959,0.060890004,0.12006,JPY,EQUITY,HOKURIKU ELECTRIC POWER CO,,53.539913750000004
6592,マブチモーター,電気機器,TOPIX Mid400,1770.5,421743427584.0,1222288.0,14.513485,13.47515,1.2407069,121.99,3.95,29.4,43.0,2.6,3.6,-0.5063440476190476,-0.5228050384615385,0.09277,5.22,134077997056.0,17949999104.0,0.5617,0.14169,0.25591,JPY,EQUITY,MABUCHI MOTOR CO,,51.457454304029305
7181,かんぽ生命保険,保険業,TOPIX Mid400,1651.5,1789685530624.0,2579961.0,10.822412,7.2111607,0.3837747,152.6,3.03,13.9,13.2,1.6,1.6,-0.22140920863309355,-0.7601408125,,102.945,1770460020736.0,4800694976512.0,0.2709,0.057540003,0.50698,JPY,EQUITY,JAPAN POST INSURANCE CO LTD,,49.07750105665468
6479,ミネベアミツミ,電気機器,TOPIX Mid400,3365.0,1351368966144.0,3471687.0,13.642814,15.666466,1.4582206,246.65,1.78,29.4,43.0,2.6,3.6,-0.5359587074829932,-0.43914592307692313,,52.132,241781997568.0,489423994880.0,0.2028,0.06348,0.062319998,JPY,EQUITY,MINEBEA MITSUMI INC,,48.75523152799582
3105,日清紡ホールディングス,電気機器,TOPIX Mid400,2135.0,333550223360.0,979557.0,13.888888,19.542334,1.4643929,153.72,1.69,29.4,43.0,2.6,3.6,-0.527588843537415,-0.43677196153846154,0.00866,61.656,42433998848.0,163294003200.0,0.2341,-0.0,0.07715,JPY,EQUITY,NISSHINBO HOLDINGS INC,,48.21804025379383
9404,日本テレビホールディングス,情報・通信業,TOPIX Mid400,2954.5,720343793664.0,549573.0,13.071852,19.74933,0.6791817,226.02,1.52,18.1,11.8,2.0,1.8,-0.27779823204419896,-0.66040915,0.06534,2.58,219351007232.0,28373999616.0,0.1991,0.13344,0.42259997,JPY,EQUITY,NIPPON TELEVISION HOLDINGS INC,,46.91036910220995
8242,エイチ・ツー・オー　リテイリング,小売業,TOPIX Mid400,2954.0,332873695232.0,443269.0,11.723153,15.048395,1.1048814,251.98,1.62,22.7,29.6,2.0,2.7,-0.48356154185022027,-0.4475593,0.117010005,44.838,42155999232.0,142670004224.0,0.1825,0.053200003,0.29712,JPY,EQUITY,H2O RETAILING CORP,,46.556042092511014
5214,日本電気硝子,ガラス・土石製品,TOPIX Mid400,4795.0,353313193984.0,754412.0,14.064882,25.30343,0.7117998,340.92,3.34,21.6,19.3,1.7,1.4,-0.34884805555555554,-0.5812942352941177,0.05456,15.702,100664000512.0,78505000960.0,0.469,0.082600005,0.044689998,JPY,EQUITY,NIPPON ELECTRIC GLASS,,46.50711454248366
6674,ジーエス・ユアサ　コーポレーション,電気機器,TOPIX Mid400,5273.0,528983916544.0,937428.0,16.806911,18.611464,1.3432215,313.74,1.86,29.4,43.0,2.6,3.6,-0.42833636054421764,-0.48337634615384617,0.11978,30.93,37880000512.0,135934001152.0,0.2709,0.0,0.08139,JPY,EQUITY,GS YUASA CORP,,45.58563533490319
9504,中国電力,電気・ガス業,TOPIX Mid400,987.0,354901852160.0,1673996.0,5.1786556,5.256991,0.4578143,190.59,3.04,10.0,12.6,0.8,0.7,-0.48213444000000005,-0.427732125,0.050819997,430.981,298380001280.0,3331416129536.0,0.1417,0.02606,0.114020005,JPY,EQUITY,CHUGOKU ELECTRIC POWER CO INC,,45.493328250000005
6849,日本光電工業,電気機器,TOPIX Mid400,1506.0,240918429696.0,718041.0,16.862614,13.710853,1.3596697,89.31,2.19,29.4,43.0,2.6,3.6,-0.4264417006802721,-0.4770501153846154,0.07677,13.738,51344998400.0,24355000320.0,0.35849997,0.058579996,0.0147,JPY,EQUITY,NIHON KOHDEN CORP,,45.17459080324437
5201,ＡＧＣ,ガラス・土石製品,TOPIX Mid400,5802.0,1232308797440.0,1696795.0,13.568439,14.056594,0.8064273,427.61,3.62,21.6,19.3,1.7,1.4,-0.37183152777777784,-0.525631,0.06104,38.309,87569997824.0,673154007040.0,0.49130002,0.041950002,0.0719,JPY,EQUITY,AGC INC,,44.87312638888889
6472,ＮＴＮ,機械,TOPIX Mid400,374.0,222345363456.0,3893866.0,15.976079,15.754002,0.7413765,23.41,3.48,23.1,25.6,1.8,2.2,-0.30839484848484855,-0.5881241666666667,0.05257,96.01,127784001536.0,302396014592.0,0.4701,0.016210001,0.065560006,JPY,EQUITY,NTN CORP,,44.82595075757576
6326,クボタ,機械,TOPIX Large70,2712.0,3054776614912.0,4023757.0,11.507617,13.779087,1.0930349,235.67,1.92,23.1,25.6,1.8,2.2,-0.501834761904762,-0.3927583888888889,0.10014,74.229,303281995776.0,2256735043584.0,0.2163,0.082320005,0.0114,JPY,EQUITY,KUBOTA CORP,,44.72965753968254
9509,北海道電力,電気・ガス業,TOPIX Mid400,1088.0,223420989440.0,2229747.0,5.307835,8.018277,0.47419146,204.98,3.03,10.0,12.6,0.8,0.7,-0.46921650000000004,-0.40726067500000007,0.06367,337.444,160000000000.0,1646296039424.0,0.15609999,0.03226,0.04657,JPY,EQUITY,HOKKAIDO ELECTRIC POWER CO INC,,43.82385875000001
9022,東海旅客鉄道,陸運業,TOPIX Large70,3936.0,3736759959552.0,3069757.0,6.896552,9.271648,0.7213563,570.72,0.81,14.6,13.6,1.1,1.1,-0.5276334246575343,-0.34422154545454553,0.111590005,91.502,382050992128.0,4807255916544.0,0.0561,0.27235,0.07839,JPY,EQUITY,CENTRAL JAPAN RAILWAY CO,,43.59274850560399
4516,日本新薬,医薬品,TOPIX Mid400,3667.0,247159209984.0,355628.0,8.312553,8.93105,0.8366622,441.14,3.38,18.7,24.4,1.2,1.9,-0.555478449197861,-0.3027814999999999,0.11535,0.865,72699002880.0,2558000128.0,0.28120002,0.17513001,0.04666,JPY,EQUITY,NIPPON SHINYAKU CO,,42.91299745989305
9984,ソフトバンクグループ,情報・通信業,TOPIX Core30,5255.0,29947842265088.0,58796036.0,6.0240965,17.796064,1.6429721,872.33,0.21,18.1,11.8,2.0,1.8,-0.6671769889502763,-0.17851395000000003,0.31964,130.15,3927072047104.0,27790728495104.0,0.0126,0.61613,0.37509,JPY,EQUITY,SOFTBANK GROUP CORP,,42.28454694751382
6448,ブラザー工業,電気機器,TOPIX Mid400,4608.0,1139680608256.0,850053.0,18.621944,19.450424,1.4203924,247.45,2.17,29.4,43.0,2.6,3.6,-0.36660054421768706,-0.4536952307692308,0.123900004,0.099,234819993600.0,799000000.0,0.4039,0.113350004,0.04249,JPY,EQUITY,BROTHER INDUSTRIES,,41.0147887493459
4631,ＤＩＣ,化学,TOPIX Mid400,5190.0,491561025536.0,606050.0,8.703235,15.831377,0.9637803,596.33,3.08,19.2,22.0,1.3,1.5,-0.5467065104166666,-0.2586305384615385,0.12255,81.88,70686998528.0,433812996096.0,0.2348,0.05031,0.13768,JPY,EQUITY,DIC CORPORATION,,40.26685244391025
6417,ＳＡＮＫＹＯ,機械,TOPIX Mid400,1911.0,377448726528.0,991158.0,8.503538,1274.0,1.5150254,224.73,5.23,23.1,25.6,1.8,2.2,-0.6318814718614718,-0.15831922222222217,0.14407,,172645007360.0,0.0,0.4005,0.23718001,0.11931,JPY,EQUITY,SANKYO CO LTD,,39.5100347041847
4118,カネカ,化学,TOPIX Mid400,6185.0,371454836736.0,252580.0,12.376188,14.13359,0.73667514,499.75,3.4,19.2,22.0,1.3,1.5,-0.3554068749999999,-0.43332681538461537,0.07355,43.026,52576002048.0,227061006336.0,0.32029998,0.04265,0.08947,JPY,EQUITY,KANEKA CORP,,39.43668451923077
9627,アインホールディングス,小売業,TOPIX Mid400,6140.0,215820500992.0,145352.0,12.224988,20.129168,1.3573788,502.25,1.63,22.7,29.6,2.0,2.7,-0.46145427312775333,-0.3213106,0.11459,107.987,50924998656.0,171883003904.0,0.1627,0.02665,0.23833999,JPY,EQUITY,AIN HOLDINGS INC,,39.138243656387665
1911,住友林業,建設業,TOPIX Mid400,1353.0,829635035136.0,3992212.0,9.832849,2.1603754,0.6678883,137.6,3.7,12.9,12.5,1.4,1.4,-0.23776364341085277,-0.5229369285714285,0.12991,75.836,89054003200.0,302932983808.0,0.38529998,0.031229999,0.16422,JPY,EQUITY,SUMITOMO FORESTRY CO,,38.035028599114064
6302,住友重機械工業,機械,TOPIX Mid400,5615.0,665946882048.0,817601.0,16.58397,16.801315,0.9501668,338.58,2.58,23.1,25.6,1.8,2.2,-0.28207922077922076,-0.4721295555555556,0.06068,38.419,133104001024.0,271639003136.0,0.3986,0.03602,0.06887,JPY,EQUITY,SUMITOMO HEAVY INDUSTRIES,,37.710438816738815
9031,西日本鉄道,陸運業,TOPIX Mid400,3143.0,237424328704.0,174485.0,7.4350057,15.814631,0.81490827,422.73,2.86,14.6,13.6,1.1,1.1,-0.49075303424657535,-0.2591743000000001,0.12501,121.186,60714000384.0,364136005632.0,0.1656,0.06954,0.05639,JPY,EQUITY,NISHI-NIPPON RAILROAD CO,,37.49636671232877
4540,ツムラ,医薬品,TOPIX Mid400,3767.0,280812748800.0,341787.0,10.0100975,9.019514,0.85912764,376.32,4.19,18.7,24.4,1.2,1.9,-0.4647006684491978,-0.28406030000000004,0.09317,39.086,77283999744.0,148074004480.0,0.39069998,0.15162,0.06618,JPY,EQUITY,TSUMURA & CO,,37.43804842245989
5232,住友大阪セメント,ガラス・土石製品,TOPIX Mid400,5531.0,175284387840.0,340741.0,15.822749,11.606581,0.89913833,349.56,0.72,21.6,19.3,1.7,1.4,-0.2674653240740741,-0.4710951,0.06181,44.56,14741000192.0,88087003136.0,0.3433,0.05228,0.03909,JPY,EQUITY,SUMITOMO OSAKA CEMENT CO,,36.92802120370371
7649,スギホールディングス,小売業,TOPIX Mid400,2714.5,505045843968.0,966323.0,10.916952,17.507256,1.6714325,248.65,0.92,22.7,29.6,2.0,2.7,-0.5190770044052864,-0.16428374999999995,0.10896,31.598,124632997888.0,92875997184.0,0.1408,0.02962,0.39453998,JPY,EQUITY,SUGI HOLDINGS CO.LTD.,,34.168037720264316
9435,光通信,情報・通信業,TOPIX Mid400,39410.0,1722153304064.0,104696.0,11.467896,17.646057,1.3768183,3436.55,2.03,18.1,11.8,2.0,1.8,-0.3664145856353592,-0.31159085,0.14486,86.268,433609015296.0,1107672039424.0,0.2185,0.20982,0.5827,JPY,EQUITY,HIKARI TSUSHIN INC,,33.900271781767955
6728,アルバック,電気機器,TOPIX Mid400,7594.0,373425766400.0,648042.0,21.881575,11.582398,1.5496906,347.05,2.0,29.4,43.0,2.6,3.6,-0.2557287414965985,-0.40396515384615395,0.07804,19.525,116998995968.0,48659001344.0,0.4375,0.06351,0.00736,JPY,EQUITY,ULVAC INC,,32.984694767137626
8725,ＭＳ＆ＡＤインシュアランスグループホールディングス,保険業,TOPIX Large70,4945.0,7090718375936.0,4832823.0,9.354546,12.0249,1.0683835,528.62,2.83,13.9,13.2,1.6,1.6,-0.3270110791366907,-0.3322603125000001,0.16088,25.214,2136035033088.0,1697015005184.0,0.2364,0.1155,0.08016,JPY,EQUITY,MS&AD INS GP HLDGS,,32.96356958183454
6005,三浦工業,機械,TOPIX Mid400,3044.0,352341065728.0,403017.0,12.755081,12.826563,1.4339145,238.65,1.41,23.1,25.6,1.8,2.2,-0.44783199134199136,-0.20338083333333334,0.12908,9.537,66905001984.0,23563999232.0,0.3017,0.10541,0.16232,JPY,EQUITY,MIURA CO LTD,,32.56064123376623
1925,大和ハウス工業,建設業,TOPIX Large70,4689.0,2904115118080.0,2239320.0,8.278163,9.961548,0.9981216,566.43,1.96,12.9,12.5,1.4,1.4,-0.35828193798449615,-0.28705599999999987,0.12880999,115.364,459859001344.0,3463954038784.0,0.2913,0.062800005,0.05503,JPY,EQUITY,DAIWA HOUSE INDUSTRY CO,,32.266896899224804
3391,ツルハホールディングス,小売業,TOPIX Mid400,2404.5,1089459650560.0,2020952.0,16.694439,3.8497252,1.243381,144.03,2.0,22.7,29.6,2.0,2.7,-0.2645621585903084,-0.37830949999999997,,22.553,230614007808.0,202422992896.0,0.3449,0.02481,0.5412,JPY,EQUITY,TSURUHA HOLDINGS INC,,32.14358292951542
4208,ＵＢＥ,化学,TOPIX Mid400,3568.0,346612072448.0,999395.0,14.513505,10.38961,0.7892812,245.84,4.48,19.2,22.0,1.3,1.5,-0.24408828124999993,-0.39286061538461536,0.05565,72.836,65294999552.0,332823003136.0,0.44759998,0.049000002,0.00876,JPY,EQUITY,UBE CORPORATION,,31.847444831730765
9989,サンドラッグ,小売業,TOPIX Mid400,3712.0,434240520192.0,556546.0,13.831135,13.5267105,1.5168809,268.38,3.56,22.7,29.6,2.0,2.7,-0.3906988986784141,-0.24155954999999996,0.113120005,16.755,61353000960.0,47964999680.0,0.4882,0.03701,0.41362998,JPY,EQUITY,SUNDRUG CO LTD,,31.6129224339207
9987,スズケン,卸売業,TOPIX Mid400,5124.0,346576322560.0,208836.0,9.389602,16.518908,0.8337113,545.71,1.17,13.7,16.8,1.2,1.7,-0.3146275912408759,-0.30524058333333326,0.09227,,148783005696.0,0.0,0.1833,0.01496,0.15263,JPY,EQUITY,SUZUKEN CO LTD,,30.993408728710456
3231,野村不動産ホールディングス,不動産業,TOPIX Mid400,928.5,793133318144.0,4347409.0,9.605835,2.0943768,0.9918971,96.66,4.74,12.5,14.1,1.6,1.4,-0.23153319999999988,-0.38006431250000006,0.09599,211.464,177766006784.0,1696530956288.0,0.4138,0.08158,0.37058,JPY,EQUITY,NOMURA REAL ESTATE HOLDINGS INC,,30.579875624999996
3382,セブン＆アイ・ホールディングス,小売業,TOPIX Core30,2030.5,4603262795776.0,8170055.0,17.09463,17.604475,1.2724153,118.78,2.95,22.7,29.6,2.0,2.7,-0.24693259911894272,-0.36379235,0.080469996,104.359,661456027648.0,3878661128192.0,0.4209,0.03562,0.14106,JPY,EQUITY,SEVEN & I HOLDINGS CO LTD,,30.536247455947137
2502,アサヒグループホールディングス,食料品,TOPIX Large70,1680.5,2458003963904.0,7194757.0,15.267557,11.745997,0.7708118,110.07,3.69,20.0,24.2,1.2,1.9,-0.23662214999999998,-0.3576568333333333,0.05574,52.869,243075006464.0,1688457969664.0,0.4727,0.05402,0.01832,JPY,EQUITY,ASAHI GROUP HLDGS,,29.713949166666662
6457,グローリー,機械,TOPIX Mid400,4818.0,255728320512.0,208107.0,17.482492,25.172415,1.1764872,275.59,3.2,23.1,25.6,1.8,2.2,-0.24318216450216457,-0.34639600000000004,0.080129996,46.587,60126998528.0,101581996032.0,0.4063,0.0498,0.10804,JPY,EQUITY,GLORY LTD,,29.478908225108228
9432,ＮＴＴ,情報・通信業,TOPIX Core30,166.1,13487820505088.0,249003263.0,13.172087,11.415808,1.3719337,12.61,3.25,18.1,11.8,2.0,1.8,-0.2722603867403316,-0.31403315,0.107130006,168.396,2387388923904.0,17425652252672.0,0.42029998,0.07126,0.35199,JPY,EQUITY,NTT INC,,29.314676837016577
1928,積水ハウス,建設業,TOPIX Large70,3471.0,2250034905088.0,2864430.0,8.748803,9.195677,1.0418458,396.74,4.21,12.9,12.5,1.4,1.4,-0.3217982170542636,-0.2558244285714286,0.12644,84.768,296158986240.0,1873616961536.0,0.363,0.06105,0.0765,JPY,EQUITY,SEKISUI HOUSE,,28.881132281284607
5110,住友ゴム工業,ゴム製品,TOPIX Mid400,2297.0,603758198784.0,2257201.0,9.756201,12.315033,0.8004834,235.44,3.66,14.0,14.3,1.1,1.3,-0.3031284999999999,-0.27228781818181824,0.09020001,44.89,98685001728.0,347783987200.0,0.35689998,0.049310002,0.31077,JPY,EQUITY,SUMITOMO RUBBER INDUSTRIES,,28.770815909090906
8227,しまむら,小売業,TOPIX Mid400,3329.0,691160875008.0,791915.0,16.447628,5.6810813,1.4031204,202.4,2.4,22.7,29.6,2.0,2.7,-0.27543488986784126,-0.29843980000000003,0.09329,,221187997696.0,0.0,0.3377,0.06506,0.35751,JPY,EQUITY,SHIMAMURA CO,,28.693734493392064
4005,住友化学,化学,TOPIX Mid400,559.8,924718137344.0,12842774.0,15.060534,14.372272,0.83823603,37.17,2.86,19.2,22.0,1.3,1.5,-0.2155971874999999,-0.3552030538461538,0.13168,80.157,286758010880.0,1132167954432.0,0.3634,0.04463,0.025610002,JPY,EQUITY,SUMITOMO CHEMICAL COMPANY,,28.540012067307686
6305,日立建機,機械,TOPIX Mid400,5644.0,1200682434560.0,1337904.0,16.393633,13.135357,1.3043215,344.28,3.37,23.1,25.6,1.8,2.2,-0.2903189177489177,-0.2753769444444445,0.10929,58.427,164218994688.0,572233023488.0,0.5086,0.06297,0.43228,JPY,EQUITY,HITACHI CONSTRUCTION MACHINERY,,28.284793109668108
2784,アルフレッサ　ホールディングス,卸売業,TOPIX Mid400,2337.0,409933283328.0,524700.0,10.1728115,14.5543995,0.84413636,229.73,3.08,13.7,16.8,1.2,1.7,-0.25745901459854015,-0.29655303333333327,0.08169,6.169,192066994176.0,30000001024.0,0.29610002,0.012510001,0.06641,JPY,EQUITY,ALFRESA HOLDINGS CORP,,27.700602396593673
3289,東急不動産ホールディングス,不動産業,TOPIX Mid400,1347.5,961079148544.0,3197131.0,9.950524,12.399926,1.0552968,135.42,3.71,12.5,14.1,1.6,1.4,-0.20395808000000004,-0.3404395,0.10542,206.122,194034008064.0,1916921053184.0,0.35439998,0.07361,0.18752001,JPY,EQUITY,TOKYU FUDOSAN HOLDINGS CORPORAT,,27.219879000000002
4043,トクヤマ,化学,TOPIX Mid400,4039.0,290586492928.0,822720.0,13.088989,9.600209,1.0125514,308.58,3.57,19.2,22.0,1.3,1.5,-0.3182818229166666,-0.22111430769230778,,54.545,49032998912.0,164697997312.0,0.38880002,0.0,0.05352,JPY,EQUITY,TOKUYAMA CORP,,26.96980653044872
6723,ルネサスエレクトロニクス,電気機器,TOPIX Large70,3433.0,6273770717184.0,16429488.0,18.450045,12.29534,2.2015965,186.07,0.82,29.4,43.0,2.6,3.6,-0.3724474489795918,-0.15323211538461545,0.13953,40.605,376016994304.0,1159487946752.0,0.1504,0.22947,0.09187,JPY,EQUITY,RENESAS ELECTRONICS CORP,,26.283978218210365
4045,東亞合成,化学,TOPIX Mid400,1847.5,195293396992.0,273225.0,15.174538,15.656779,0.8899056,121.75,3.9,19.2,22.0,1.3,1.5,-0.2096594791666666,-0.3154572307692308,0.061079998,9.306,22016999424.0,20565000192.0,0.56229997,0.07951,0.13559,JPY,EQUITY,TOAGOSEI CO LTD,,26.255835496794873
5406,神戸製鋼所,鉄鋼,TOPIX Mid400,2024.5,800594657280.0,2070765.0,8.510593,7.334879,0.6359193,237.88,3.95,12.4,21.5,0.8,0.6,-0.3136618548387097,-0.20510087500000007,0.056750003,55.392,176233005056.0,734000971776.0,0.3364,0.027509999,0.04528,JPY,EQUITY,KOBE STEEL,,25.938136491935488
7912,大日本印刷,その他製品,TOPIX Mid400,3225.0,1384101314560.0,1926053.0,13.698921,16.430609,1.1250619,235.42,1.27,18.6,21.6,1.5,2.4,-0.26349887096774194,-0.2499587333333334,0.069180004,18.92,288449986560.0,247458004992.0,0.1699,0.05409,0.07064,JPY,EQUITY,DAI NIPPON PRINTING CO,,25.672880215053766
4901,富士フイルムホールディングス,化学,TOPIX Large70,3217.0,3847491158016.0,5344892.0,14.025374,13.863391,0.9866068,229.37,2.33,19.2,22.0,1.3,1.5,-0.26951177083333333,-0.24107169230769232,0.07145,28.445,150650994688.0,1110362947584.0,0.3051,0.075830005,0.01713,JPY,EQUITY,FUJIFILM HOLDINGS CORPORATION,,25.529173157051282
6586,マキタ,機械,TOPIX Mid400,5208.0,1341871489024.0,886838.0,17.361156,21.16471,1.3331497,299.98,4.01,23.1,25.6,1.8,2.2,-0.2484348051948052,-0.25936127777777773,0.08596,1.697,256364003328.0,17205999616.0,0.50009996,0.10406999,0.078779995,JPY,EQUITY,MAKITA CORP,,25.389804148629146
1820,西松建設,建設業,TOPIX Mid400,5485.0,216572116992.0,122493.0,9.000952,12.521974,1.1265167,609.38,4.56,12.9,12.5,1.4,1.4,-0.3022517829457365,-0.19534521428571416,0.14175999,111.804,48094998528.0,225109999616.0,0.3773,0.06511,0.24053,JPY,EQUITY,NISHIMATSU CONSTRUCTION CO,,24.879849861572534
4272,日本化薬,化学,TOPIX Mid400,2084.5,307034095616.0,604809.0,12.936759,20.648836,1.0863221,161.13,3.17,19.2,22.0,1.3,1.5,-0.3262104687499999,-0.1643676153846153,,24.036,52416999424.0,68182999040.0,0.4095,0.0,0.10304,JPY,EQUITY,NIPPON KAYAKU CO,,24.52890420673076
9506,東北電力,電気・ガス業,TOPIX Mid400,1330.5,666308378624.0,2610574.0,7.8310776,4.988377,0.58545536,169.9,3.01,10.0,12.6,0.8,0.7,-0.21689223999999996,-0.2681808000000001,0.0769,308.159,568809029632.0,3579309981696.0,0.2355,0.03179,0.059369996,JPY,EQUITY,TOHOKU ELECTRIC POWER CO INC,,24.253652000000002
9045,京阪ホールディングス,陸運業,TOPIX Mid400,3212.0,324092198912.0,282298.0,9.652602,13.479374,0.9498636,332.76,2.68,14.6,13.6,1.1,1.1,-0.33886287671232873,-0.13648763636363637,,122.577,23164000256.0,429952991232.0,0.3005,0.0,0.059320003,JPY,EQUITY,KEIHAN HOLDINGS CO LTD,,23.767525653798252
3048,ビックカメラ,小売業,TOPIX Mid400,1790.0,306542411776.0,617374.0,15.674256,22.90174,1.6818599,114.2,2.4,22.7,29.6,2.0,2.7,-0.309504140969163,-0.15907004999999996,0.11875,43.249,79368003584.0,98423996416.0,0.37669998,0.02153,0.43668997,JPY,EQUITY,BIC CAMERA INC.,,23.428709548458148
3407,旭化成,化学,TOPIX Large70,1641.5,2199544922112.0,5297861.0,14.02512,16.37243,1.0439143,117.04,2.68,19.2,22.0,1.3,1.5,-0.269525,-0.19698900000000008,0.09751,56.856,387356000256.0,1248968966144.0,0.35909998,0.06098,0.03131,JPY,EQUITY,ASAHI KASEI CORP,,23.325700000000005
7240,ＮＯＫ,輸送用機器,TOPIX Mid400,3011.0,478282547200.0,338739.0,10.570847,16.32952,0.75678706,284.84,4.65,14.8,16.9,0.9,0.9,-0.28575358108108107,-0.159125488888889,0.08446,9.712,142463991808.0,66161999872.0,0.4564,0.06644,0.4605,JPY,EQUITY,NOK CORP,,22.243953498498502
9508,九州電力,電気・ガス業,TOPIX Mid400,1963.5,928299876352.0,1572522.0,6.242251,11.986448,0.74775785,314.55,2.55,10.0,12.6,0.8,0.7,-0.3757748999999999,-0.06530268750000012,0.14633,256.946,237397999616.0,3273016999936.0,0.15890001,0.07402,0.03434,JPY,EQUITY,KYUSHU ELECTRIC POWER CO INC,,22.053879375
9001,東武鉄道,陸運業,TOPIX Mid400,3014.0,589331496960.0,562641.0,10.6498,13.217559,0.93963253,283.01,2.49,14.6,13.6,1.1,1.1,-0.2705616438356163,-0.14578860909090918,0.09385,126.825,37297000448.0,803894984704.0,0.2474,0.084180005,0.03009,JPY,EQUITY,TOBU RAILWAY CO,,20.817512646326275
9008,京王電鉄,陸運業,TOPIX Mid400,785.4,454654820352.0,2186407.0,10.764803,2.871139,0.99987656,72.96,2.8,14.6,13.6,1.1,1.1,-0.26268472602739723,-0.09102130909090911,0.097559996,105.769,33550000128.0,481330003968.0,0.3014,0.08425,0.06313,JPY,EQUITY,KEIO CORPORATION,,17.68530175591532
8253,クレディセゾン,その他金融業,TOPIX Mid400,4657.0,669088284672.0,773749.0,10.964871,13.822682,0.8793429,424.72,3.44,13.9,15.4,1.0,1.4,-0.21116035971223024,-0.12065709999999996,0.09307,466.593,103894999040.0,3668977909760.0,0.3062,0.12394,0.07129,JPY,EQUITY,CREDIT SAISON CO,,16.59087298561151
1333,Ｕｍｉｏｓ,水産・農林業,TOPIX Mid400,1311.0,198201294848.0,520588.0,8.936605,4.998094,0.79951066,146.7,3.43,11.2,12.4,0.9,1.0,-0.2020888392857142,-0.11165482222222223,0.08652,114.996,48315998208.0,332311986176.0,0.3044,0.0,0.15436,JPY,EQUITY,UMIOS CORP,,15.687183075396822
7203,トヨタ自動車,輸送用機器,TOPIX Core30,3132.0,37086178574336.0,29443076.0,8.912666,9.660108,0.99409765,351.41,3.19,14.8,16.9,0.9,0.9,-0.3977928378378379,0.1045529444444444,0.12404,114.974,13350560858112.0,43953168580608.0,0.27040002,0.0863,0.09147,JPY,EQUITY,TOYOTA MOTOR CORP,,14.661994669669674
9507,四国電力,電気・ガス業,TOPIX Mid400,1889.5,388289232896.0,665561.0,7.639282,12.561495,0.7900057,247.34,2.91,10.0,12.6,0.8,0.7,-0.23607180000000005,-0.012492874999999959,0.118319996,160.914,51979001856.0,791400022016.0,0.2022,0.0719,0.19003999,JPY,EQUITY,SHIKOKU ELECTRIC POWER CO INC,,12.42823375
9503,関西電力,電気・ガス業,TOPIX Mid400,2610.0,2907687878656.0,3726306.0,7.651042,7.94448,0.81509215,341.13,3.07,10.0,12.6,0.8,0.7,-0.2348958,0.01886518749999988,0.12508,121.085,533677015040.0,4378847084544.0,0.2199,0.10079,0.12866999,JPY,EQUITY,KANSAI ELECTRIC POWER CO INC,,10.801530625000005
