code,name,industry,scale,price,mcap_yen,trailing_pe,forward_pe,pbr,eps_ttm,roe,div_yield,debt_to_equity,error,sector_med_pe,sector_med_pbr,per_vs_med,pbr_vs_med,cheap_score
4902,コニカミノルタ,電気機器,TOPIX Mid400,648.3,320379289600.0,9.979988,13.461378,0.58236045,64.96,0.065349996,2.78,70.469,,19.65,1.461,-0.49211256997455466,-0.6013959958932238,54.67542829338892
7181,かんぽ生命保険,保険業,TOPIX Mid400,1651.5,1789685530624.0,10.822412,7.2111607,0.3837747,152.6,,3.03,102.945,,17.15,1.297,-0.3689555685131195,-0.7041058596761758,53.653071409464765
9984,ソフトバンクグループ,情報・通信業,TOPIX Core30,5255.0,29947842265088.0,6.0240965,17.796064,1.6429721,872.33,0.31964,0.21,130.15,,18.12,2.639,-0.6675443432671082,-0.37742625994694956,52.248530160702884
9404,日本テレビホールディングス,情報・通信業,TOPIX Mid400,2954.5,720343793664.0,13.071852,19.74933,0.6791817,226.02,0.06534,1.52,2.58,,18.12,2.639,-0.2785953642384107,-0.7426367184539597,51.06160413461852
9505,北陸電力,電気・ガス業,TOPIX Mid400,990.8,206983299072.0,3.799371,6.666667,0.4394117,260.78,0.109160006,2.52,243.501,,7.83,0.72,-0.5147674329501917,-0.38970597222222214,45.22367025862069
6632,ＪＶＣケンウッド,電気機器,TOPIX Mid400,1007.0,143177318400.0,9.024915,9.298245,0.9774478,111.58,0.10248,1.99,44.019,,19.65,1.461,-0.5407167938931297,-0.33097344284736485,43.58451183702472
9435,光通信,情報・通信業,TOPIX Mid400,39410.0,1722153304064.0,11.467896,17.646057,1.3768183,3436.55,0.14486,2.03,86.268,,18.12,2.639,-0.3671139072847682,-0.4782802955665024,42.26971014256353
9022,東海旅客鉄道,陸運業,TOPIX Large70,3936.0,3736759959552.0,6.896552,9.271648,0.7213563,570.72,0.111590005,0.81,91.502,,13.6,1.1,-0.49290058823529415,-0.34422154545454553,41.856106684491984
8473,ＳＢＩホールディングス,証券、商品先物取引業,TOPIX Mid400,3216.0,2078795628544.0,5.1493077,7.903856,1.1144934,624.55,0.23416,3.26,302.859,,13.4,1.388,-0.6157233059701492,-0.1970508645533141,40.63870852617317
4516,日本新薬,医薬品,TOPIX Mid400,3667.0,247159209984.0,8.312553,8.93105,0.8366622,441.14,0.11535,3.38,0.865,,16.52,1.205,-0.49681882566585955,-0.3056745228215768,40.12466742437182
9432,ＮＴＴ,情報・通信業,TOPIX Core30,166.1,13487820505088.0,13.172087,11.415808,1.3719337,12.61,0.107130006,3.25,168.396,,18.12,2.639,-0.2730636313465784,-0.4801312239484653,37.65974276475219
9031,西日本鉄道,陸運業,TOPIX Mid400,3143.0,237424328704.0,7.4350057,15.814631,0.81490827,422.73,0.12501,2.86,121.186,,13.6,1.1,-0.4533084044117647,-0.2591743000000001,35.62413522058824
9504,中国電力,電気・ガス業,TOPIX Mid400,987.0,354901852160.0,5.1786556,5.256991,0.4578143,190.59,0.050819997,3.04,430.981,,7.83,0.72,-0.338613588761175,-0.36414680555555556,35.13801971583653
4540,ツムラ,医薬品,TOPIX Mid400,3767.0,280812748800.0,10.0100975,9.019514,0.85912764,376.32,0.09317,4.19,39.086,,16.52,1.205,-0.39406189467312347,-0.28703100414937766,34.054644941125055
8242,エイチ・ツー・オー　リテイリング,小売業,TOPIX Mid400,2954.0,332873695232.0,11.723153,15.048395,1.1048814,251.98,0.117010005,1.62,44.838,,17.12,1.7,-0.31523639018691596,-0.35006976470588236,33.26530774463991
9509,北海道電力,電気・ガス業,TOPIX Mid400,1088.0,223420989440.0,5.307835,8.018277,0.47419146,204.98,0.06367,3.03,337.444,,7.83,0.72,-0.3221155810983397,-0.3414007499999999,33.17581655491698
7751,キヤノン,電気機器,TOPIX Large70,4593.0,3876276928512.0,11.614323,12.670694,1.1197433,395.46,0.10371,3.48,34.446,,19.65,1.461,-0.40894030534351133,-0.23357748117727584,32.125889326039356
8725,ＭＳ＆ＡＤインシュアランスグループホールディングス,保険業,TOPIX Large70,4945.0,7090718375936.0,9.354546,12.0249,1.0683835,528.62,0.16088,2.83,25.214,,17.15,1.297,-0.4545454227405248,-0.1762656129529684,31.54055178467466
4631,ＤＩＣ,化学,TOPIX Mid400,5190.0,491561025536.0,8.703235,15.831377,0.9637803,596.33,0.12255,3.08,81.88,,16.1,1.16,-0.45942639751552805,-0.16915491379310332,31.429065565431568
9987,スズケン,卸売業,TOPIX Mid400,5124.0,346576322560.0,9.389602,16.518908,0.8337113,545.71,0.09227,1.17,,,14.18,1.171,-0.3378277856135402,-0.28803475661827493,31.293127111590756
4118,カネカ,化学,TOPIX Mid400,6185.0,371454836736.0,12.376188,14.13359,0.73667514,499.75,0.07355,3.4,43.026,,16.1,1.16,-0.23129267080745342,-0.364935224137931,29.811394747269222
6923,スタンレー電気,電気機器,TOPIX Mid400,3596.0,442704658432.0,14.947832,14.217935,0.9590594,240.57,0.0718,3.11,35.997,,19.65,1.461,-0.2392960814249363,-0.34355961670088986,29.14278490629131
5406,神戸製鋼所,鉄鋼,TOPIX Mid400,2024.5,800594657280.0,8.510593,7.334879,0.6359193,237.88,0.056750003,3.95,55.392,,13.97,0.778,-0.3907950608446672,-0.18262300771208229,28.670903427837473
2784,アルフレッサ　ホールディングス,卸売業,TOPIX Mid400,2337.0,409933283328.0,10.1728115,14.5543995,0.84413636,229.73,0.08169,3.08,6.169,,14.18,1.171,-0.2825943935119887,-0.2791320580700256,28.086322579100717
3635,コーエーテクモホールディングス,情報・通信業,TOPIX Mid400,1672.0,558845001728.0,12.690702,14.713129,1.9952387,131.75,0.20599002,2.87,3.572,,18.12,2.639,-0.2996301324503312,-0.24394137931034476,27.178575588033798
1925,大和ハウス工業,建設業,TOPIX Large70,4689.0,2904115118080.0,8.278163,9.961548,0.9981216,566.43,0.12880999,1.96,115.364,,12.06,1.288,-0.31358515754560534,-0.22506086956521743,26.93230135554114
1333,Ｕｍｉｏｓ,水産・農林業,TOPIX Mid400,1311.0,198201294848.0,8.936605,4.998094,0.79951066,146.7,0.08652,3.43,114.996,,12.74,1.049,-0.29853963893249613,-0.2378354051477597,26.81875220401279
5110,住友ゴム工業,ゴム製品,TOPIX Mid400,2297.0,603758198784.0,9.756201,12.315033,0.8004834,235.44,0.09020001,3.66,44.89,,13.26,1.059,-0.2642382352941176,-0.24411388101983,25.417605815697378
6326,クボタ,機械,TOPIX Large70,2712.0,3054776614912.0,11.507617,13.779087,1.0930349,235.67,0.10014,1.92,74.229,,16.95,1.322,-0.32108454277286136,-0.17319599092284432,24.71402668478528
9627,アインホールディングス,小売業,TOPIX Mid400,6140.0,215820500992.0,12.224988,20.129168,1.3573788,502.25,0.11459,1.63,107.987,,17.12,1.7,-0.28592359813084123,-0.20154188235294113,24.37327402418912
1928,積水ハウス,建設業,TOPIX Large70,3471.0,2250034905088.0,8.748803,9.195677,1.0418458,396.74,0.12644,4.21,84.768,,12.06,1.288,-0.27456028192371473,-0.1911135093167703,23.28368956202425
9045,京阪ホールディングス,陸運業,TOPIX Mid400,3212.0,324092198912.0,9.652602,13.479374,0.9498636,332.76,,2.68,122.577,,13.6,1.1,-0.29024985294117644,-0.13648763636363637,21.33687446524064
6592,マブチモーター,電気機器,TOPIX Mid400,1770.5,421743427584.0,14.513485,13.47515,1.2407069,121.99,0.09277,3.95,5.22,,19.65,1.461,-0.26140025445292614,-0.1507824093086928,20.609133188080946
9001,東武鉄道,陸運業,TOPIX Mid400,3014.0,589331496960.0,10.6498,13.217559,0.93963253,283.01,0.09385,2.49,126.825,,13.6,1.1,-0.21692647058823522,-0.14578860909090918,18.13575398395722
9008,京王電鉄,陸運業,TOPIX Mid400,785.4,454654820352.0,10.764803,2.871139,0.99987656,72.96,0.097559996,2.8,105.769,,13.6,1.1,-0.20847036764705873,-0.09102130909090911,14.974583836898391
9508,九州電力,電気・ガス業,TOPIX Mid400,1963.5,928299876352.0,6.242251,11.986448,0.74775785,314.55,0.14633,2.55,256.946,,7.83,0.72,-0.20277765006385695,0.03855256944444441,8.211254030970627
7203,トヨタ自動車,輸送用機器,TOPIX Core30,3132.0,37086178574336.0,8.912666,9.660108,0.99409765,351.41,0.12404,3.19,114.974,,11.39,0.801,-0.217500790166813,0.2410707240948815,-1.1784966964034247
