code,name,industry,scale,price,mcap_yen,adv_shares,trailing_pe,forward_pe,pbr,eps_ttm,div_yield,sector_simple_per,sector_w_per,sector_simple_pbr,sector_w_pbr,per_vs_sector,pbr_vs_sector,roe,debt_to_equity,total_cash,total_debt,payout_ratio,profit_margin,insider_pct,currency,quote_type,short_name,error
1911,住友林業,建設業,TOPIX Mid400,1353.0,829635035136.0,3992212.0,9.832849,2.1603754,0.6678883,137.6,3.7,12.9,12.5,1.4,1.4,-0.2377636434108527,-0.5229369285714285,0.12991,75.836,89054003200.0,302932983808.0,0.38529998,0.031229999,0.16422,JPY,EQUITY,SUMITOMO FORESTRY CO,
1928,積水ハウス,建設業,TOPIX Large70,3471.0,2250034905088.0,2864430.0,8.748803,9.195677,1.0418458,396.74,4.21,12.9,12.5,1.4,1.4,-0.3217982170542636,-0.2558244285714286,0.12644,84.768,296158986240.0,1873616961536.0,0.363,0.06105,0.0765,JPY,EQUITY,SEKISUI HOUSE,
4118,カネカ,化学,TOPIX Mid400,6185.0,371454836736.0,252580.0,12.376188,14.13359,0.73667514,499.75,3.4,19.2,22.0,1.3,1.5,-0.3554068749999999,-0.4333268153846153,0.07355,43.026,52576002048.0,227061006336.0,0.32029998,0.04265,0.08947,JPY,EQUITY,KANEKA CORP,
4516,日本新薬,医薬品,TOPIX Mid400,3667.0,247159209984.0,355628.0,8.312553,8.93105,0.8366622,441.14,3.38,18.7,24.4,1.2,1.9,-0.555478449197861,-0.3027814999999999,0.11535,0.865,72699002880.0,2558000128.0,0.28120002,0.17513001,0.04666,JPY,EQUITY,NIPPON SHINYAKU CO,
4540,ツムラ,医薬品,TOPIX Mid400,3767.0,280812748800.0,341787.0,10.0100975,9.019514,0.85912764,376.32,4.19,18.7,24.4,1.2,1.9,-0.4647006684491978,-0.2840603,0.09317,39.086,77283999744.0,148074004480.0,0.39069998,0.15162,0.06618,JPY,EQUITY,TSUMURA & CO,
4631,ＤＩＣ,化学,TOPIX Mid400,5190.0,491561025536.0,606050.0,8.703235,15.831377,0.9637803,596.33,3.08,19.2,22.0,1.3,1.5,-0.5467065104166666,-0.2586305384615385,0.12255,81.88,70686998528.0,433812996096.0,0.2348,0.05031,0.13768,JPY,EQUITY,DIC CORPORATION,
4902,コニカミノルタ,電気機器,TOPIX Mid400,648.3,320379289600.0,3932261.0,9.979988,13.461378,0.58236045,64.96,2.78,29.4,43.0,2.6,3.6,-0.6605446258503401,-0.7760152115384615,0.065349996,70.469,116986003456.0,397020004352.0,0.1847,0.02809,0.028870001,JPY,EQUITY,KONICA MINOLTA INC,
5201,ＡＧＣ,ガラス・土石製品,TOPIX Mid400,5802.0,1232308797440.0,1696795.0,13.568439,14.056594,0.8064273,427.61,3.62,21.6,19.3,1.7,1.4,-0.3718315277777778,-0.525631,0.06104,38.309,87569997824.0,673154007040.0,0.49130002,0.041950002,0.0719,JPY,EQUITY,AGC INC,
5406,神戸製鋼所,鉄鋼,TOPIX Mid400,2024.5,800594657280.0,2070765.0,8.510593,7.334879,0.6359193,237.88,3.95,12.4,21.5,0.8,0.6,-0.3136618548387097,-0.205100875,0.056750003,55.392,176233005056.0,734000971776.0,0.3364,0.027509999,0.04528,JPY,EQUITY,KOBE STEEL,
6326,クボタ,機械,TOPIX Large70,2712.0,3054776614912.0,4023757.0,11.507617,13.779087,1.0930349,235.67,1.92,23.1,25.6,1.8,2.2,-0.501834761904762,-0.3927583888888889,0.10014,74.229,303281995776.0,2256735043584.0,0.2163,0.082320005,0.0114,JPY,EQUITY,KUBOTA CORP,
7240,ＮＯＫ,輸送用機器,TOPIX Mid400,3011.0,478282547200.0,338739.0,10.570847,16.32952,0.75678706,284.84,4.65,14.8,16.9,0.9,0.9,-0.285753581081081,-0.159125488888889,0.08446,9.712,142463991808.0,66161999872.0,0.4564,0.06644,0.4605,JPY,EQUITY,NOK CORP,
7751,キヤノン,電気機器,TOPIX Large70,4593.0,3876276928512.0,4195023.0,11.614323,12.670694,1.1197433,395.46,3.48,29.4,43.0,2.6,3.6,-0.6049549999999999,-0.5693295,0.10371,34.446,744169996288.0,1270057009152.0,0.4045,0.07389,0.02375,JPY,EQUITY,CANON INC,
7752,リコー,電気機器,TOPIX Mid400,1642.0,922885685248.0,2563493.0,16.806551,14.220143,0.78653824,97.7,2.68,29.4,43.0,2.6,3.6,-0.4283486054421769,-0.6974852923076923,0.07453,43.356,233711992832.0,525346996224.0,0.4096,0.03127,0.0367,JPY,EQUITY,RICOH CO,
8725,ＭＳ＆ＡＤインシュアランスグループホールディングス,保険業,TOPIX Large70,4945.0,7090718375936.0,4832823.0,9.354546,12.0249,1.0683835,528.62,2.83,13.9,13.2,1.6,1.6,-0.3270110791366907,-0.3322603125000001,0.16088,25.214,2136035033088.0,1697015005184.0,0.2364,0.1155,0.08016,JPY,EQUITY,MS&AD INS GP HLDGS,
